{
    "learning_rate": 0.013511091157446127,
    "num_leaves": 59,
    "max_depth": 5,
    "min_data_in_leaf": 69,
    "feature_fraction": 0.8876763309104289,
    "bagging_fraction": 0.7303954052609147,
    "bagging_freq": 5,
    "reg_alpha": 0.0029164539929017307,
    "reg_lambda": 0.0018006608526376284,
    "num_boost_round": 948
  }